"Season","Game","Team For","Team Against","Min","Outcome","ExpG","Player","Month"
2016,1,"Aston Villa","Bournemouth",47,"Save",0.3393782383,"I Gueye","August"
2016,1,"Aston Villa","Bournemouth",71,"Goal",0.4902723735,"Gestede","August"
2016,1,"Aston Villa","Bournemouth",81,"Save",0.108072048,"Agbonlahor","August"
2016,1,"Bournemouth","Aston Villa",40,"Save",0.2,"C Wilson","August"
2016,1,"Bournemouth","Aston Villa",46,"Save",0.4910979228,"Pugh","August"
2016,2,"Crystal Palace","Norwich",30,"Save",0.7645502646,"G Murray","August"
2016,2,"Crystal Palace","Norwich",38,"Goal",0.5161290323,"Zaha","August"
2016,2,"Crystal Palace","Norwich",41,"Save",0.2913669065,"Mutch","August"
2016,2,"Crystal Palace","Norwich",48,"Goal",0.5161290323,"D Delaney","August"
2016,2,"Crystal Palace","Norwich",84,"Save",0.108072048,"Cabaye","August"
2016,2,"Crystal Palace","Norwich",87,"Save",0.108072048,"Bolasie","August"
2016,2,"Crystal Palace","Norwich",93,"Goal",0.3435897436,"Cabaye","August"
2016,2,"Norwich","Crystal Palace",44,"Save",0.1796875,"R Brady","August"
2016,2,"Norwich","Crystal Palace",50,"Save",0.2682926829,"Grabban","August"
2016,2,"Norwich","Crystal Palace",50,"Save",0.4910979228,"B Johnson","August"
2016,2,"Norwich","Crystal Palace",54,"Save",0.108072048,"Whittaker","August"
2016,2,"Norwich","Crystal Palace",68,"Goal",0.108072048,"Redmond","August"
2016,2,"Norwich","Crystal Palace",75,"Line",0.1872340426,"Whittaker","August"
2016,3,"Liverpool","Stoke",62,"Save",0.1,"Lovren","August"
2016,3,"Liverpool","Stoke",67,"Save",0.4910979228,"Skrtel","August"
2016,3,"Liverpool","Stoke",85,"Goal",0.108072048,"Coutinho","August"
2016,3,"Stoke","Liverpool",17,"Save",0.108072048,"Mame Diouf","August"
2016,4,"West Brom","Man City",76,"Save",0.3968253968,"Morrison","August"
2016,4,"West Brom","Man City",86,"Save",0.108072048,"Anichebe","August"
2016,4,"Man City","West Brom",8,"Goal",0.3435897436,"Silva","August"
2016,4,"Man City","West Brom",23,"Goal",0.2446351931,"Y Toure","August"
2016,4,"Man City","West Brom",40,"Save",0.3968253968,"Sterling","August"
2016,4,"Man City","West Brom",46,"Save",0.3,"Sterling","August"
2016,4,"Man City","West Brom",58,"Goal",0.5161290323,"Kompany","August"
2016,4,"Man City","West Brom",88,"Save",0.3968253968,"Aguero","August"
2016,4,"Man City","West Brom",91,"Save",0.19,"Kolarov","August"
2016,5,"Newcastle","Southampton",14,"Save",0.3590909091,"P Cisse","August"
2016,5,"Newcastle","Southampton",36,"Line",0.4902723735,"Coloccini","August"
2016,5,"Newcastle","Southampton",41,"Goal",0.7645502646,"P Cisse","August"
2016,5,"Newcastle","Southampton",47,"Goal",0.4910979228,"Wijnaldum","August"
2016,5,"Southampton","Newcastle",14,"Save",0.1896551724,"Soares","August"
2016,5,"Southampton","Newcastle",23,"Goal",0.3968253968,"Pelle","August"
2016,5,"Southampton","Newcastle",46,"Save",0.4910979228,"Yoshida","August"
2016,5,"Southampton","Newcastle",78,"Goal",0.4902723735,"Long","August"
2016,6,"Leicester","Sunderland",10,"Goal",0.25,"Vardy","August"
2016,6,"Leicester","Sunderland",17,"Goal",0.4902723735,"Mahrez","August"
2016,6,"Leicester","Sunderland",24,"Goal",0.82,"Mahrez","August"
2016,6,"Leicester","Sunderland",26,"Save",0.3393782383,"Vardy","August"
2016,6,"Leicester","Sunderland",46,"Save",0.108072048,"Drinkwater","August"
2016,6,"Leicester","Sunderland",56,"Save",0.1872340426,"Mahrez","August"
2016,6,"Leicester","Sunderland",58,"Save",0.3435897436,"Vardy","August"
2016,6,"Leicester","Sunderland",65,"Goal",0.3468950749,"Albrighton","August"
2016,6,"Sunderland","Leicester",5,"Save",0.3968253968,"Kaboul","August"
2016,6,"Sunderland","Leicester",5,"Save",0.4910979228,"Rodwell","August"
2016,6,"Sunderland","Leicester",59,"Goal",0.3468950749,"Defoe","August"
2016,6,"Sunderland","Leicester",62,"Save",0.25,"Defoe","August"
2016,6,"Sunderland","Leicester",70,"Goal",0.772845953,"S Fletcher","August"
2016,7,"Chelsea","Swansea",22,"Goal",0.19,"Oscar","August"
2016,7,"Chelsea","Swansea",32,"Save",0,"D Costa","August"
2016,7,"Chelsea","Swansea",74,"Save",0.1896551724,"Hazard","August"
2016,7,"Swansea","Chelsea",14,"Save",0.2222222222,"Ki","August"
2016,7,"Swansea","Chelsea",28,"Save",0.4910979228,"Gomis","August"
2016,7,"Swansea","Chelsea",28,"Goal",0.4902723735,"A Ayew","August"
2016,7,"Swansea","Chelsea",36,"Save",0.108072048,"Sigurdsson","August"
2016,7,"Swansea","Chelsea",54,"Goal",0.82,"Gomis","August"
2016,7,"Swansea","Chelsea",57,"Save",0.1292517007,"Montero","August"
2016,7,"Swansea","Chelsea",60,"Save",0.1666666667,"Montero","August"
2016,7,"Swansea","Chelsea",72,"Save",0.275,"Routledge","August"
2016,7,"Swansea","Chelsea",80,"Save",0,"A Ayew","August"
2016,8,"Man United","Tottenham",64,"Save",0.3393782383,"A Young","August"
2016,8,"Tottenham","Man United",17,"Save",0.3232323232,"K Walker","August"
2016,8,"Tottenham","Man United",46,"Save",0.1679389313,"Alderweireld","August"
2016,8,"Tottenham","Man United",83,"Save",0.1,"Eriksen","August"
2016,8,"Tottenham","Man United",88,"Save",0.2222222222,"Eriksen","August"
2016,9,"Everton","Watford",18,"Save",0.4910979228,"Barry","August"
2016,9,"Everton","Watford",30,"Save",0.05,"Barkley","August"
2016,9,"Everton","Watford",75,"Goal",0.108072048,"Barkley","August"
2016,9,"Everton","Watford",85,"Goal",0.1872340426,"Kone","August"
2016,9,"Everton","Watford",88,"Save",0.1,"Lukaku","August"
2016,9,"Watford","Everton",13,"Goal",0.3590909091,"Layun","August"
2016,9,"Watford","Everton",40,"Save",0.108072048,"Capoue","August"
2016,9,"Watford","Everton",66,"Save",0.108072048,"Holebas","August"
2016,9,"Watford","Everton",76,"Save",0.3468950749,"Deeney","August"
2016,9,"Watford","Everton",82,"Goal",0.2446351931,"Ighalo","August"
2016,10,"Arsenal","West Ham",32,"Save",0.4902723735,"Mertesacker","August"
2016,10,"Arsenal","West Ham",55,"Save",0.272,"Giroud","August"
2016,10,"Arsenal","West Ham",64,"Save",0.4902723735,"Giroud","August"
2016,10,"Arsenal","West Ham",84,"Save",0.108072048,"Cazorla","August"
2016,10,"Arsenal","West Ham",92,"Save",0.25,"A Sanchez","August"
2016,10,"Arsenal","West Ham",94,"Save",0.1977186312,"A Sanchez","August"
2016,10,"West Ham","Arsenal",42,"Goal",0.4902723735,"Kouyate","August"
2016,10,"West Ham","Arsenal",56,"Goal",0.108072048,"Zarate","August"
2016,10,"West Ham","Arsenal",80,"Save",0.1872340426,"Sakho","August"
2016,10,"West Ham","Arsenal",89,"Save",0.108072048,"Maiga","August"
2016,14,"Everton","Southampton",21,"Goal",0.4902723735,"Lukaku","August"
2016,14,"Everton","Southampton",28,"Save",0.3590909091,"Barkley","August"
2016,14,"Everton","Southampton",44,"Goal",0.313559322,"Lukaku","August"
2016,14,"Everton","Southampton",83,"Goal",0.3393782383,"Barkley","August"
2016,14,"Southampton","Everton",15,"Save",0.108072048,"Targett","August"
2016,14,"Southampton","Everton",20,"Save",0.1977186312,"Mane","August"
2016,14,"Southampton","Everton",52,"Save",0.3590909091,"Pelle","August"
2016,14,"Southampton","Everton",78,"Save",0.108072048,"Mane","August"
2016,15,"Leicester","West Ham",7,"Save",0.108072048,"Mahrez","August"
2016,15,"Leicester","West Ham",25,"Save",0.5684210526,"Mahrez","August"
2016,15,"Leicester","West Ham",25,"Save",0.3590909091,"Huth","August"
2016,15,"Leicester","West Ham",26,"Save",0.3968253968,"Okazaki","August"
2016,15,"Leicester","West Ham",26,"Goal",0.772845953,"Okazaki","August"
2016,15,"Leicester","West Ham",37,"Goal",0.3468950749,"Mahrez","August"
2016,15,"West Ham","Leicester",54,"Goal",0.313559322,"Payet","August"
2016,15,"West Ham","Leicester",59,"Save",0.2682926829,"Sakho","August"
2016,15,"West Ham","Leicester",80,"Save",0.3968253968,"Sakho","August"
2016,16,"Man United","Aston Villa",28,"Goal",0.275,"Januzaj","August"
2016,16,"Man United","Aston Villa",77,"Save",0.108072048,"Memphis","August"
2016,16,"Aston Villa","Man United",54,"Save",0.4910979228,"Agbonlahor","August"
2016,17,"Newcastle","Swansea",9,"Save",0.1299435028,"Obertan","August"
2016,17,"Newcastle","Swansea",15,"Save",0.1292517007,"Obertan","August"
2016,17,"Swansea","Newcastle",2,"Save",0.11,"Shelvey","August"
2016,17,"Swansea","Newcastle",6,"Save",0.108072048,"Sigurdsson","August"
2016,17,"Swansea","Newcastle",8,"Goal",0.4902723735,"Gomis","August"
2016,17,"Swansea","Newcastle",51,"Goal",0.4902723735,"A Ayew","August"
2016,17,"Swansea","Newcastle",78,"Save",0.068627451,"Shelvey","August"
2016,17,"Swansea","Newcastle",89,"Save",0.108072048,"Naughton","August"
2016,18,"Norwich","Sunderland",20,"Save",0.3393782383,"Howson","August"
2016,18,"Norwich","Sunderland",24,"Save",0.1292517007,"Howson","August"
2016,18,"Norwich","Sunderland",25,"Save",0.108072048,"R Brady","August"
2016,18,"Norwich","Sunderland",25,"Goal",0.4902723735,"R Martin","August"
2016,18,"Norwich","Sunderland",36,"Goal",0.1872340426,"Whittaker","August"
2016,18,"Norwich","Sunderland",56,"Goal",0.3232323232,"Redmond","August"
2016,18,"Sunderland","Norwich",46,"Save",0.108072048,"Lens","August"
2016,18,"Sunderland","Norwich",87,"Goal",0.3590909091,"Watmore","August"
2016,19,"Tottenham","Stoke",5,"Save",0.1796875,"Eriksen","August"
2016,19,"Tottenham","Stoke",8,"Save",0.19,"Eriksen","August"
2016,19,"Tottenham","Stoke",18,"Goal",0.4902723735,"Dier","August"
2016,19,"Tottenham","Stoke",45,"Save",0.3968253968,"Mason","August"
2016,19,"Tottenham","Stoke",46,"Goal",0.3232323232,"Chadli","August"
2016,19,"Tottenham","Stoke",51,"Save",0.4902723735,"Kane","August"
2016,19,"Tottenham","Stoke",69,"Save",0.108072048,"Dembele","August"
2016,19,"Stoke","Tottenham",11,"Save",0.068627451,"Mame Diouf","August"
2016,19,"Stoke","Tottenham",43,"Save",0.4902723735,"Mame Diouf","August"
2016,19,"Stoke","Tottenham",60,"Save",0.1292517007,"Arnautovic","August"
2016,19,"Stoke","Tottenham",61,"Save",0.4910979228,"Mame Diouf","August"
2016,19,"Stoke","Tottenham",77,"Goal",0.82,"Arnautovic","August"
2016,19,"Stoke","Tottenham",82,"Goal",0.772845953,"Mame Diouf","August"
2016,19,"Stoke","Tottenham",88,"Save",0.3590909091,"Mame Diouf","August"
2016,20,"Watford","West Brom",2,"Save",0.108072048,"Ighalo","August"
2016,20,"Watford","West Brom",14,"Save",0.1176470588,"Deeney","August"
2016,20,"Watford","West Brom",28,"Save",0.1292517007,"Nyom","August"
2016,20,"Watford","West Brom",50,"Save",0.108072048,"Ighalo","August"
2016,20,"Watford","West Brom",89,"Save",0.108072048,"Abdi","August"
2016,13,"Man City","Chelsea",0,"Save",0.3393782383,"Aguero","August"
2016,13,"Man City","Chelsea",15,"Save",0.3590909091,"Aguero","August"
2016,13,"Man City","Chelsea",16,"Save",0.3435897436,"Aguero","August"
2016,13,"Man City","Chelsea",31,"Goal",0.3590909091,"Aguero","August"
2016,13,"Man City","Chelsea",60,"Save",0.2913669065,"Y Toure","August"
2016,13,"Man City","Chelsea",78,"Goal",0.3968253968,"Kompany","August"
2016,13,"Man City","Chelsea",81,"Save",0.108072048,"Y Toure","August"
2016,13,"Man City","Chelsea",84,"Goal",0.2222222222,"Fernandinho","August"
2016,13,"Chelsea","Man City",69,"Save",0.3468950749,"Hazard","August"
2016,13,"Chelsea","Man City",87,"Save",0.2,"Cuadrado","August"
2016,13,"Chelsea","Man City",92,"Save",0.3,"Falcao","August"
2016,11,"Crystal Palace","Arsenal",14,"Save",0.108072048,"Cabaye","August"
2016,11,"Crystal Palace","Arsenal",27,"Goal",0.108072048,"J Ward","August"
2016,11,"Crystal Palace","Arsenal",57,"Save",0.275,"Puncheon","August"
2016,11,"Crystal Palace","Arsenal",88,"Save",0.4910979228,"J Ward","August"
2016,11,"Arsenal","Crystal Palace",6,"Line",0.323,"A Sanchez","August"
2016,11,"Arsenal","Crystal Palace",8,"Save",0.108072048,"Ramsey","August"
2016,11,"Arsenal","Crystal Palace",15,"Goal",0.3590909091,"Giroud","August"
2016,11,"Arsenal","Crystal Palace",22,"Save",0.068627451,"A Sanchez","August"
2016,11,"Arsenal","Crystal Palace",35,"Save",0.5161290323,"Ramsey","August"
2016,11,"Arsenal","Crystal Palace",89,"Save",0.275,"Cazorla","August"
2016,11,"Arsenal","Crystal Palace",93,"Save",0.1872340426,"Oxlade","August"
2016,12,"Liverpool","Bournemouth",25,"Goal",0.7645502646,"Benteke","August"
2016,12,"Liverpool","Bournemouth",89,"Save",0.4910979228,"Benteke","August"
2016,12,"Bournemouth","Liverpool",46,"Save",0.108072048,"Ritchie","August"
2016,12,"Bournemouth","Liverpool",87,"Save",0.3232323232,"Tomlin","August"
2016,30,"Leicester","Tottenham",81,"Goal",0.141025641,"Mahrez","August"
2016,30,"Leicester","Tottenham",87,"Save",0.4910979228,"Morgan","August"
2016,30,"Tottenham","Leicester",7,"Save",0.108072048,"Dembele","August"
2016,30,"Tottenham","Leicester",28,"Save",0.108072048,"Dembele","August"
2016,30,"Tottenham","Leicester",62,"Save",0.3468950749,"Kane","August"
2016,30,"Tottenham","Leicester",64,"Save",0.108072048,"K Walker","August"
2016,30,"Tottenham","Leicester",80,"Goal",0.7645502646,"Dele Alli","August"
2016,30,"Tottenham","Leicester",90,"Save",0.772845953,"Dele Alli","August"
2016,29,"Sunderland","Swansea",35,"Save",0.4902723735,"Graham","August"
2016,29,"Sunderland","Swansea",61,"Goal",0.3590909091,"Defoe","August"
2016,29,"Swansea","Sunderland",29,"Save",0.108072048,"Gomis","August"
2016,29,"Swansea","Sunderland",47,"Goal",0.3232323232,"Gomis","August"
2016,29,"Swansea","Sunderland",53,"Save",0.1679389313,"Montero","August"
2016,29,"Swansea","Sunderland",56,"Save",0.108072048,"Sigurdsson","August"
2016,29,"Swansea","Sunderland",67,"Save",0.108072048,"Shelvey","August"
2016,29,"Swansea","Sunderland",68,"Save",0.108072048,"Sigurdsson","August"
2016,29,"Swansea","Sunderland",73,"Save",0.4902723735,"Gomis","August"
2016,29,"Swansea","Sunderland",82,"Save",0.3590909091,"F Fernandez","August"
2016,29,"Swansea","Sunderland",88,"Save",0.2222222222,"A Ayew","August"
2016,28,"Norwich","Stoke",15,"Save",0.05,"Whittaker","August"
2016,28,"Norwich","Stoke",27,"Save",0.4910979228,"R Martin","August"
2016,28,"Norwich","Stoke",27,"Goal",0.3435897436,"R Martin","August"
2016,28,"Norwich","Stoke",52,"Save",0.2,"Dorrans","August"
2016,28,"Norwich","Stoke",60,"Save",0.3590909091,"Redmond","August"
2016,28,"Norwich","Stoke",84,"Save",0.11,"Dorrans","August"
2016,28,"Norwich","Stoke",85,"Save",0.772845953,"Jerome","August"
2016,28,"Stoke","Norwich",10,"Goal",0.4902723735,"Mame Diouf","August"
2016,22,"West Ham","Bournemouth",47,"Goal",0.3590909091,"Nobe","August"
2016,22,"West Ham","Bournemouth",52,"Save",0.1896551724,"Sakho","August"
2016,22,"West Ham","Bournemouth",52,"Goal",0.2682926829,"Kouyate","August"
2016,22,"West Ham","Bournemouth",81,"Goal",0.2446351931,"Maiga","August"
2016,22,"Bournemouth","West Ham",10,"Goal",0.4910979228,"C Wilson","August"
2016,22,"Bournemouth","West Ham",27,"Goal",0.3590909091,"C Wilson","August"
2016,22,"Bournemouth","West Ham",47,"Save",0.3468950749,"Gradel","August"
2016,22,"Bournemouth","West Ham",61,"Save",0.2368421053,"Pugh","August"
2016,22,"Bournemouth","West Ham",65,"Goal",0.25,"Pugh","August"
2016,22,"Bournemouth","West Ham",94,"Save",0.3468950749,"Gosling","August"
2016,22,"Bournemouth","West Ham",78,"Goal",0.82,"C Wilson","August"
2016,21,"Crystal Palace","Aston Villa",37,"Save",0.108072048,"Sako","August"
2016,21,"Crystal Palace","Aston Villa",46,"Save",0.5161290323,"Sako","August"
2016,21,"Crystal Palace","Aston Villa",70,"Goal",0.4910979228,"Dann","August"
2016,21,"Crystal Palace","Aston Villa",73,"Save",0.1,"Sako","August"
2016,21,"Crystal Palace","Aston Villa",77,"Save",0,"Sako","August"
2016,21,"Crystal Palace","Aston Villa",86,"Goal",0.2913669065,"Sako","August"
2016,21,"Aston Villa","Crystal Palace",13,"Save",0.3968253968,"Agbonlahor","August"
2016,21,"Aston Villa","Crystal Palace",38,"Save",0,"Grealish","August"
2016,26,"Man United","Newcastle",2,"Save",0.108072048,"Memphis","August"
2016,26,"Man United","Newcastle",5,"Save",0.108072048,"Rooney","August"
2016,26,"Man United","Newcastle",14,"Save",0.2,"Mata","August"
2016,26,"Man United","Newcastle",15,"Save",0.1796875,"Rooney","August"
2016,26,"Man United","Newcastle",21,"Save",0.1,"Memphis","August"
2016,26,"Man United","Newcastle",75,"Save",0.313559322,"Shaw","August"
2016,26,"Man United","Newcastle",79,"Save",0.3968253968,"Chicharito","August"
2016,26,"Man United","Newcastle",11,"Save",0.19,"Mata","August"
2016,27,"Southampton","Watford",26,"Save",0.1872340426,"Long","August"
2016,27,"Southampton","Watford",36,"Save",0.4902723735,"Caulker","August"
2016,27,"Southampton","Watford",49,"Save",0.068627451,"Pelle","August"
2016,27,"Southampton","Watford",72,"Save",0.108072048,"Wanyama","August"
2016,27,"Southampton","Watford",88,"Save",0.2446351931,"Caulker","August"
2016,25,"Everton","Man City",18,"Save",0.108072048,"Barkley","August"
2016,25,"Man City","Everton",1,"Save",0.1872340426,"Aguero","August"
2016,25,"Man City","Everton",9,"Save",0.3435897436,"Aguero","August"
2016,25,"Man City","Everton",13,"Save",0.108072048,"Silva","August"
2016,25,"Man City","Everton",23,"Save",0.108072048,"Y Toure","August"
2016,25,"Man City","Everton",27,"Save",0.0630630631,"Sterling","August"
2016,25,"Man City","Everton",59,"Goal",0.1666666667,"Kolarov","August"
2016,25,"Man City","Everton",62,"Save",0.4407216495,"Navas","August"
2016,25,"Man City","Everton",87,"Save",0.1872340426,"Navas","August"
2016,25,"Man City","Everton",87,"Goal",0.4407216495,"Nasri","August"
2016,23,"West Brom","Chelsea",13,"Save",0.82,"Morrison","August"
2016,23,"West Brom","Chelsea",34,"Goal",0.3468950749,"Morrison","August"
2016,23,"West Brom","Chelsea",55,"Save",0.108072048,"Brunt","August"
2016,23,"West Brom","Chelsea",58,"Goal",0.3968253968,"Morrison","August"
2016,23,"West Brom","Chelsea",85,"Save",0.108072048,"Gnabry","August"
2016,23,"West Brom","Chelsea",92,"Save",0.5684210526,"Rondon","August"
2016,23,"Chelsea","West Brom",19,"Goal",0.2913669065,"Pedro","August"
2016,23,"Chelsea","West Brom",29,"Goal",0.4902723735,"D Costa","August"
2016,23,"Chelsea","West Brom",31,"Save",0.108072048,"Willian","August"
2016,23,"Chelsea","West Brom",41,"Goal",0.3393782383,"Azpilicueta","August"
2016,23,"Chelsea","West Brom",57,"Save",0.19,"Matic","August"
2016,24,"Arsenal","Liverpool",17,"Save",0.3468950749,"Giroud","August"
2016,24,"Arsenal","Liverpool",69,"Save",0.4910979228,"Ramsey","August"
2016,24,"Arsenal","Liverpool",71,"Save",0.1796875,"Giroud","August"
2016,24,"Arsenal","Liverpool",82,"Save",0.108072048,"Ramsey","August"
2016,24,"Arsenal","Liverpool",93,"Save",0.108072048,"Oxlade","August"
2016,24,"Liverpool","Arsenal",8,"Save",0.068627451,"Benteke","August"
2016,24,"Liverpool","Arsenal",23,"Save",0.275,"Milner","August"
2016,24,"Liverpool","Arsenal",38,"Save",0.7645502646,"Benteke","August"
2016,24,"Liverpool","Arsenal",38,"Save",0.068627451,"Firmino","August"
2016,24,"Liverpool","Arsenal",44,"Save",0.1,"Coutinho","August"
2016,24,"Liverpool","Arsenal",60,"Save",0.108072048,"Coutinho","August"
2016,24,"Liverpool","Arsenal",70,"Save",0.108072048,"Milner","August"
2016,24,"Liverpool","Arsenal",80,"Save",0.1977186312,"Coutinho","August"
2016,33,"Tottenham","Everton",22,"Save",0.3435897436,"Kane","August"
2016,33,"Tottenham","Everton",27,"Save",0.275,"Mason","August"
2016,33,"Tottenham","Everton",29,"Save",0.108072048,"Bentaleb","August"
2016,33,"Tottenham","Everton",32,"Save",0.4902723735,"Alderweireld","August"
2016,33,"Tottenham","Everton",54,"Save",0.4910979228,"Mason","August"
2016,33,"Tottenham","Everton",57,"Save",0.1872340426,"Dele Alli","August"
2016,33,"Everton","Tottenham",15,"Save",0.2368421053,"Cleverley","August"
2016,33,"Everton","Tottenham",39,"Save",0.1292517007,"Barkley","August"
2016,33,"Everton","Tottenham",93,"Save",0.3435897436,"Mirallas","August"
2016,40,"Liverpool","West Ham",54,"Save",0.108072048,"Lovren","August"
2016,40,"West Ham","Liverpool",2,"Goal",0.4407216495,"Lanzini","August"
2016,40,"West Ham","Liverpool",28,"Goal",0.313559322,"Noble","August"
2016,40,"West Ham","Liverpool",70,"Save",0.108072048,"Kouyate","August"
2016,40,"West Ham","Liverpool",75,"Save",0,"Cresswell","August"
2016,40,"West Ham","Liverpool",91,"Goal",0.2913669065,"Sakho","August"
2016,39,"Stoke","West Brom",10,"Save",0.3393782383,"Mame Diouf","August"
2016,39,"Stoke","West Brom",27,"Line",0.772845953,"Mame Diouf","August"
2016,39,"Stoke","West Brom",70,"Save",0.108072048,"Pieters","August"
2016,39,"Stoke","West Brom",73,"Save",0.108072048,"Arnautovic","August"
2016,39,"West Brom","Stoke",23,"Save",0.3393782383,"Morrison","August"
2016,39,"West Brom","Stoke",38,"Save",0.108072048,"Lambert","August"
2016,39,"West Brom","Stoke",39,"Save",0.108072048,"C Dawson","August"
2016,39,"West Brom","Stoke",47,"Goal",0.3968253968,"Rondon","August"
2016,39,"West Brom","Stoke",74,"Save",0.108072048,"Morrison","August"
2016,39,"Stoke","West Brom",14,"Save",0.19,"Adam","August"
2016,38,"Man City","Watford",26,"Save",0.1872340426,"Sagna","August"
2016,38,"Man City","Watford",26,"Save",0.275,"Sterling","August"
2016,38,"Man City","Watford",46,"Goal",0.4910979228,"Sterling","August"
2016,38,"Man City","Watford",55,"Goal",0.068627451,"Fernandinho","August"
2016,38,"Man City","Watford",87,"Save",0.108072048,"Nasri","August"
2016,37,"Aston Villa","Sunderland",38,"Save",0.313559322,"Gestede","August"
2016,37,"Aston Villa","Sunderland",40,"Goal",0.772845953,"Sinclair","August"
2016,37,"Aston Villa","Sunderland",59,"Save",0.108072048,"Bacuna","August"
2016,37,"Aston Villa","Sunderland",80,"Save",0.313559322,"Westwood","August"
2016,37,"Aston Villa","Sunderland",82,"Save",0.3590909091,"Gestede","August"
2016,37,"Sunderland","Aston Villa",48,"Save",0.3435897436,"S Fletcher","August"
2016,37,"Sunderland","Aston Villa",51,"Goal",0.3435897436,"Lens","August"
2016,37,"Sunderland","Aston Villa",7,"Goal",0.19,"M'Vila","August"
2016,37,"Aston Villa","Sunderland",10,"Goal",0.82,"Sinclair","August"
2016,34,"Bournemouth","Leicester",23,"Goal",0.4902723735,"C Wilson","August"
2016,34,"Leicester","Bournemouth",68,"Save",0.1,"Schlupp","August"
2016,34,"Leicester","Bournemouth",85,"Goal",0.3590909091,"Vardy","August"
2016,34,"Bournemouth","Leicester",33,"Save",0.41,"Gradel","August"
2016,32,"Chelsea","Crystal Palace",12,"Save",0.108072048,"Fabregas","August"
2016,32,"Chelsea","Crystal Palace",41,"Save",0.1428571429,"D Costa","August"
2016,32,"Chelsea","Crystal Palace",41,"Save",0.3590909091,"Fabregas","August"
2016,32,"Chelsea","Crystal Palace",42,"Save",0.3393782383,"Matic","August"
2016,32,"Chelsea","Crystal Palace",63,"Line",0.4902723735,"G Cahill","August"
2016,32,"Chelsea","Crystal Palace",78,"Goal",0.4910979228,"Falcao","August"
2016,32,"Chelsea","Crystal Palace",84,"Save",0.3468950749,"Falcao","August"
2016,32,"Chelsea","Crystal Palace",84,"Save",0.108072048,"Kenedy","August"
2016,32,"Chelsea","Crystal Palace",89,"Save",0.108072048,"Fabregas","August"
2016,32,"Crystal Palace","Chelsea",24,"Save",0.05,"Sako","August"
2016,32,"Crystal Palace","Chelsea",28,"Save",0.3590909091,"Cabaye","August"
2016,32,"Crystal Palace","Chelsea",52,"Save",0.4910979228,"Wickham","August"
2016,32,"Crystal Palace","Chelsea",54,"Save",0.108072048,"Sako","August"
2016,32,"Crystal Palace","Chelsea",64,"Goal",0.4910979228,"Sako","August"
2016,32,"Crystal Palace","Chelsea",80,"Goal",0.772845953,"J Ward","August"
2016,31,"Arsenal","Newcastle",8,"Save",0.3232323232,"Walcott","August"
2016,31,"Arsenal","Newcastle",31,"Save",0.108072048,"A Sanchez","August"
2016,31,"Arsenal","Newcastle",51,"Save",0.2446351931,"Ramsey","August"
2016,31,"Arsenal","Newcastle",57,"Save",0.3968253968,"A Sanchez","August"
2016,31,"Arsenal","Newcastle",65,"Save",0.2,"Cazorla","August"
2016,31,"Arsenal","Newcastle",76,"Save",0.1796875,"Giroud","August"
2016,31,"Arsenal","Newcastle",88,"Save",0.1292517007,"Cazorla","August"
2016,31,"Arsenal","Newcastle",92,"Save",0.3435897436,"Monreal","August"
2016,31,"Arsenal","Newcastle",86,"Save",0.19,"Giroud","August"
2016,35,"Swansea","Man United",25,"Save",0.108072048,"Shelvey","August"
2016,35,"Swansea","Man United",47,"Save",0.108072048,"Shelvey","August"
2016,35,"Swansea","Man United",60,"Goal",0.4902723735,"A Ayew","August"
2016,35,"Swansea","Man United",65,"Goal",0.1872340426,"Gomis","August"
2016,35,"Man United","Swansea",33,"Save",0.1679389313,"Rooney","August"
2016,35,"Man United","Swansea",47,"Goal",0.5684210526,"Mata","August"
2016,35,"Man United","Swansea",59,"Save",0.1977186312,"Mata","August"
2016,35,"Man United","Swansea",1,"Save",0.19,"Memphis","August"
2016,36,"Southampton","Norwich",12,"Save",0.11,"Mane","August"
2016,36,"Southampton","Norwich",45,"Goal",0.5684210526,"Pelle","August"
2016,36,"Southampton","Norwich",55,"Save",0.1872340426,"Mane","August"
2016,36,"Southampton","Norwich",56,"Save",0.141025641,"J Rodriguez","August"
2016,36,"Southampton","Norwich",63,"Goal",0.275,"Tadic","August"
2016,36,"Southampton","Norwich",66,"Save",0.4902723735,"Pelle","August"
2016,36,"Southampton","Norwich",66,"Goal",0.7645502646,"Tadic","August"
2016,36,"Norwich","Southampton",92,"Save",0.108072048,"B Johnson","August"
2016,36,"Southampton","Norwich",1,"Save",0.19,"Ward-Prowse","August"
2016,44,"Liverpool","Man United",56,"Save",0.3968253968,"Ings","September"
2016,44,"Liverpool","Man United",63,"Line",0.7645502646,"Ings","September"
2016,44,"Liverpool","Man United",82,"Save",0.141025641,"Ibe","September"
2016,44,"Liverpool","Man United",83,"Goal",0.3393782383,"Benteke","September"
2016,44,"Man United","Liverpool",69,"Goal",0.82,"Herrera","September"
2016,49,"Watford","Swansea",41,"Save",0,"Ighalo","September"
2016,49,"Watford","Swansea",53,"Save",0.108072048,"Abdi","September"
2016,49,"Watford","Swansea",58,"Goal",0.3590909091,"Ighalo","September"
2016,49,"Watford","Swansea",69,"Line",0.2446351931,"Anya","September"
2016,49,"Watford","Swansea",79,"Save",0.141025641,"Capoue","September"
2016,49,"Watford","Swansea",91,"Save",0.4407216495,"Berghuis","September"
2016,49,"Watford","Swansea",91,"Save",0.2913669065,"Berghuis","September"
2016,49,"Swansea","Watford",20,"Save",0.2446351931,"Gomis","September"
2016,49,"Swansea","Watford",38,"Save",0.4910979228,"Gomis","September"
2016,49,"Swansea","Watford",88,"Save",0.108072048,"Shelvey","September"
2016,48,"Arsenal","Stoke",2,"Save",0.4910979228,"A Sanchez","September"
2016,48,"Arsenal","Stoke",5,"Save",0.108072048,"A Sanchez","September"
2016,48,"Arsenal","Stoke",11,"Save",0.1977186312,"Walcott","September"
2016,48,"Arsenal","Stoke",23,"Save",0.108072048,"Koscielny","September"
2016,48,"Arsenal","Stoke",24,"Save",0.25,"Cazorla","September"
2016,48,"Arsenal","Stoke",30,"Goal",0.3590909091,"Walcott","September"
2016,48,"Arsenal","Stoke",65,"Save",0.4910979228,"Walcott","September"
2016,48,"Arsenal","Stoke",68,"Save",0.1977186312,"Ozil","September"
2016,48,"Arsenal","Stoke",69,"Save",0.4407216495,"Walcott","September"
2016,48,"Arsenal","Stoke",73,"Save",0.2,"Walcott","September"
2016,48,"Arsenal","Stoke",84,"Goal",0.4902723735,"Giroud","September"
2016,48,"Arsenal","Stoke",88,"Save",0.3590909091,"Koscielny","September"
2016,48,"Stoke","Arsenal",32,"Save",0.108072048,"Joselu","September"
2016,48,"Stoke","Arsenal",33,"Save",0.272,"Mame Diouf","September"
2016,48,"Stoke","Arsenal",56,"Save",0.05,"Shaqiri","September"
2016,48,"Stoke","Arsenal",62,"Save",0.108072048,"Bardsley","September"
2016,47,"West Brom","Southampton",31,"Save",0.4407216495,"C Dawson","September"
2016,47,"Southampton","West Brom",34,"Save",0.1292517007,"Rodriguez","September"
2016,47,"Southampton","West Brom",52,"Save",0.1299435028,"Rodriguez","September"
2016,47,"Southampton","West Brom",70,"Save",0.275,"Pelle","September"
2016,47,"Southampton","West Brom",86,"Save",0.1679389313,"Pelle","September"
2016,45,"Crystal Palace","Man City",6,"Save",0.068627451,"Puncheon","September"
2016,45,"Crystal Palace","Man City",69,"Save",0.4902723735,"Bolasie","September"
2016,45,"Man City","Crystal Palace",4,"Save",0.3435897436,"Bony","September"
2016,45,"Man City","Crystal Palace",5,"Save",0.4902723735,"Nasri","September"
2016,45,"Man City","Crystal Palace",31,"Save",0.3393782383,"Bony","September"
2016,45,"Man City","Crystal Palace",46,"Save",0.108072048,"De Bruyne","September"
2016,45,"Man City","Crystal Palace",53,"Save",0.108072048,"Y Toure","September"
2016,45,"Man City","Crystal Palace",89,"Save",0.141025641,"Nasri","September"
2016,45,"Man City","Crystal Palace",89,"Goal",0.7645502646,"Iheanacho","September"
2016,42,"Norwich","Bournemouth",34,"Goal",0.4910979228,"Jerome","September"
2016,42,"Norwich","Bournemouth",51,"Goal",0.1796875,"Hoolahan","September"
2016,42,"Norwich","Bournemouth",66,"Goal",0.2913669065,"Jarvis","September"
2016,42,"Norwich","Bournemouth",92,"Save",0,"R Brady","September"
2016,42,"Bournemouth","Norwich",45,"Save",0.5161290323,"C Wilson","September"
2016,42,"Bournemouth","Norwich",80,"Goal",0.3590909091,"S Cook","September"
2016,43,"Everton","Chelsea",16,"Goal",0.4902723735,"Naismith","September"
2016,43,"Everton","Chelsea",18,"Save",0.4407216495,"Kone","September"
2016,43,"Everton","Chelsea",19,"Save",0.108072048,"McCarthy","September"
2016,43,"Everton","Chelsea",21,"Goal",0.108072048,"Naismith","September"
2016,43,"Everton","Chelsea",57,"Save",0.1679389313,"Lukaku","September"
2016,43,"Everton","Chelsea",62,"Save",0.05,"Kone","September"
2016,43,"Everton","Chelsea",67,"Save",0.2913669065,"Lukaku","September"
2016,43,"Everton","Chelsea",81,"Goal",0.1896551724,"Naismith","September"
2016,43,"Everton","Chelsea",85,"Save",0.108072048,"Barkley","September"
2016,43,"Chelsea","Everton",35,"Goal",0.108072048,"Matic","September"
2016,43,"Chelsea","Everton",84,"Save",0.2682926829,"Falcao","September"
2016,44,"Man United","Liverpool",48,"Goal",0.3590909091,"Blind","September"
2016,44,"Man United","Liverpool",85,"Goal",0.275,"Martial","September"
2016,41,"Leicester","Aston Villa",12,"Save",0.108072048,"Mahrez","September"
2016,41,"Leicester","Aston Villa",45,"Save",0.108072048,"Albrighton","September"
2016,41,"Leicester","Aston Villa",71,"Goal",0.3968253968,"de Laet","September"
2016,41,"Leicester","Aston Villa",81,"Goal",0.4902723735,"Vardy","September"
2016,41,"Leicester","Aston Villa",83,"Save",0.108072048,"Mahrez","September"
2016,41,"Leicester","Aston Villa",88,"Goal",0.4902723735,"N Dyer","September"
2016,41,"Aston Villa","Leicester",19,"Save",0.4910979228,"Agbonlahor","September"
2016,41,"Aston Villa","Leicester",23,"Save",0.3393782383,"Grealish","September"
2016,41,"Aston Villa","Leicester",38,"Goal",0.108072048,"Grealish","September"
2016,41,"Aston Villa","Leicester",62,"Goal",0.2368421053,"Gil","September"
2016,50,"Sunderland","Tottenham",14,"Save",0.108072048,"Defoe","September"
2016,50,"Sunderland","Tottenham",38,"Save",0.2,"Defoe","September"
2016,50,"Tottenham","Sunderland",76,"Save",0.4902723735,"Dier","September"
2016,50,"Tottenham","Sunderland",79,"Save",0.2368421053,"Mason","September"
2016,50,"Tottenham","Sunderland",81,"Goal",0.4407216495,"Mason","September"
2016,50,"Tottenham","Sunderland",85,"Save",0.1872340426,"Kane","September"
2016,46,"West Ham","Newcastle",8,"Goal",0.313559322,"Payet","September"
2016,46,"West Ham","Newcastle",47,"Goal",0.3435897436,"Payet","September"
2016,46,"West Ham","Newcastle",84,"Save",0.7645502646,"Sakho","September"
2016,46,"Newcastle","West Ham",19,"Save",0.3232323232,"Janmaat","September"
2016,46,"Newcastle","West Ham",65,"Save",0.2,"Janmaat","September"
2016,46,"Newcastle","West Ham",73,"Save",0.2222222222,"Janmaat","September"
2016,46,"Newcastle","West Ham",80,"Save",0.313559322,"S de Jong","September"
2016,60,"Man City","West Ham",3,"Save",0.4910979228,"Fernandinho","September"
2016,60,"Man City","West Ham",38,"Save",0.141025641,"Navas","September"
2016,60,"Man City","West Ham",39,"Save",0.5684210526,"Aguero","September"
2016,60,"Man City","West Ham",46,"Goal",0.108072048,"De Bruyne","September"
2016,60,"Man City","West Ham",52,"Save",0.3968253968,"Otamendi","September"
2016,60,"Man City","West Ham",54,"Save",0.4407216495,"Y Toure","September"
2016,60,"Man City","West Ham",55,"Save",0.108072048,"Y Toure","September"
2016,60,"Man City","West Ham",84,"Save",0.5161290323,"Otamendi","September"
2016,60,"West Ham","Man City",5,"Goal",0.108072048,"Moses","September"
2016,60,"West Ham","Man City",30,"Goal",0.7645502646,"Sakho","September"
2016,60,"West Ham","Man City",88,"Save",0.108072048,"Payet","September"
2016,59,"Aston Villa","West Brom",51,"Save",0.108072048,"C Sanchez","September"
2016,59,"Aston Villa","West Brom",89,"Save",0.108072048,"Amavi","September"
2016,59,"West Brom","Aston Villa",1,"Save",0.3468950749,"Rondon","September"
2016,59,"West Brom","Aston Villa",30,"Save",0.108072048,"D Fletcher","September"
2016,59,"West Brom","Aston Villa",38,"Goal",0.3468950749,"Berahino","September"
2016,59,"West Brom","Aston Villa",59,"Save",0.108072048,"Rondon","September"
2016,59,"West Brom","Aston Villa",64,"Save",0.1679389313,"Rondon","September"
2016,59,"West Brom","Aston Villa",82,"Save",0.3,"Rondon","September"
2016,59,"Aston Villa","West Brom",55,"Save",0.19,"Gil","September"
2016,58,"Newcastle","Watford",6,"Save",0.4902723735,"P Cisse","September"
2016,58,"Newcastle","Watford",38,"Save",0.2222222222,"Thauvin","September"
2016,58,"Newcastle","Watford",61,"Goal",0.3232323232,"Janmaat","September"
2016,58,"Newcastle","Watford",66,"Save",0.108072048,"Janmaat","September"
2016,58,"Newcastle","Watford",78,"Save",0.272,"S de Jong","September"
2016,58,"Watford","Newcastle",9,"Goal",0.3393782383,"Ighalo","September"
2016,58,"Watford","Newcastle",23,"Save",0.108072048,"Jurado","September"
2016,58,"Watford","Newcastle",27,"Save",0.1299435028,"Ighalo","September"
2016,58,"Watford","Newcastle",27,"Goal",0.1872340426,"Ighalo","September"
2016,57,"Bournemouth","Sunderland",3,"Goal",0.2,"C Wilson","September"
2016,57,"Bournemouth","Sunderland",8,"Goal",0.108072048,"Ritchie","September"
2016,57,"Bournemouth","Sunderland",40,"Save",0.108072048,"Tomlin","September"
2016,57,"Bournemouth","Sunderland",91,"Save",0.0630630631,"G Murray","September"
2016,57,"Sunderland","Bournemouth",39,"Save",0.3393782383,"Defoe","September"
2016,57,"Bournemouth","Sunderland",75,"Save",0.41,"Pugh","September"
2016,57,"Sunderland","Bournemouth",17,"Save",0.19,"Jordi Gomez","September"
2016,54,"Stoke","Leicester",12,"Goal",0.3393782383,"Bojan","September"
2016,54,"Stoke","Leicester",19,"Goal",0.3468950749,"Walters","September"
2016,54,"Stoke","Leicester",61,"Save",0.2222222222,"van Ginkel","September"
2016,54,"Leicester","Stoke",9,"Save",0.108072048,"Mahrez","September"
2016,54,"Leicester","Stoke",31,"Save",0.108072048,"Kante","September"
2016,54,"Leicester","Stoke",61,"Save",0.1872340426,"Vardy","September"
2016,54,"Leicester","Stoke",68,"Goal",0.3393782383,"Vardy","September"
2016,54,"Stoke","Leicester",80,"Save",0.41,"Shaqiri","September"
2016,54,"Leicester","Stoke",50,"Goal",0.82,"Mahrez","September"
2016,53,"Swansea","Everton",16,"Save",0.3393782383,"Gomis","September"
2016,53,"Swansea","Everton",61,"Save",0,"Montero","September"
2016,53,"Swansea","Everton",67,"Save",0.108072048,"Gomis","September"
2016,53,"Everton","Swansea",29,"Save",0.4902723735,"Lukaku","September"
2016,53,"Everton","Swansea",57,"Line",0.1666666667,"Lukaku","September"
2016,51,"Chelsea","Arsenal",5,"Save",0.108072048,"Fabregas","September"
2016,51,"Chelsea","Arsenal",23,"Save",0.108072048,"D Costa","September"
2016,51,"Chelsea","Arsenal",31,"Save",0.7645502646,"Pedro","September"
2016,51,"Chelsea","Arsenal",42,"Save",0.108072048,"Pedro","September"
2016,51,"Chelsea","Arsenal",52,"Goal",0.4407216495,"Zouma","September"
2016,51,"Chelsea","Arsenal",57,"Save",0.108072048,"Hazard","September"
2016,51,"Chelsea","Arsenal",90,"Goal",0.2368421053,"Hazard","September"
2016,51,"Arsenal","Chelsea",28,"Save",0.1299435028,"Walcott","September"
2016,51,"Arsenal","Chelsea",92,"Save",0.4910979228,"Ramsey","September"
2016,56,"Liverpool","Norwich",33,"Save",0.2222222222,"Sturridge","September"
2016,56,"Liverpool","Norwich",41,"Save",0.313559322,"Milner","September"
2016,56,"Liverpool","Norwich",47,"Goal",0.1679389313,"Ings","September"
2016,56,"Liverpool","Norwich",65,"Save",0.1299435028,"Moreno","September"
2016,56,"Liverpool","Norwich",72,"Save",0.1,"Firmino","September"
2016,56,"Liverpool","Norwich",77,"Save",0.3435897436,"Coutinho","September"
2016,56,"Liverpool","Norwich",78,"Save",0.108072048,"Coutinho","September"
2016,56,"Norwich","Liverpool",60,"Goal",0.3590909091,"R Martin","September"
2016,56,"Norwich","Liverpool",64,"Save",0.4910979228,"Jarvis","September"
2016,55,"Southampton","Man United",12,"Save",0.4910979228,"Mane","September"
2016,55,"Southampton","Man United",12,"Goal",0.4910979228,"Pelle","September"
2016,55,"Southampton","Man United",19,"Save",0.313559322,"Ward-Prowse","September"
2016,55,"Southampton","Man United",58,"Save",0.4407216495,"Fonte","September"
2016,55,"Southampton","Man United",85,"Goal",0.4902723735,"Pelle","September"
2016,55,"Southampton","Man United",91,"Save",0.108072048,"Wanyama","September"
2016,55,"Southampton","Man United",92,"Save",0.3590909091,"Fonte","September"
2016,55,"Southampton","Man United",92,"Save",0.4910979228,"Wanyama","September"
2016,55,"Man United","Southampton",33,"Goal",0.4902723735,"Martial","September"
2016,55,"Man United","Southampton",49,"Goal",0.3393782383,"Martial","September"
2016,55,"Man United","Southampton",67,"Goal",0.3590909091,"Mata","September"
2016,52,"Tottenham","Crystal Palace",16,"Save",0.108072048,"Lamela","September"
2016,52,"Tottenham","Crystal Palace",21,"Save",0.1796875,"Chadli","September"
2016,52,"Tottenham","Crystal Palace",31,"Save",0.272,"Dele Alli","September"
2016,52,"Tottenham","Crystal Palace",57,"Save",0.068627451,"Son","September"
2016,52,"Tottenham","Crystal Palace",67,"Goal",0.1679389313,"Son","September"
2016,52,"Crystal Palace","Tottenham",21,"Save",0.3232323232,"Hangeland","September"
2016,52,"Crystal Palace","Tottenham",34,"Save",0.0630630631,"Bolasie","September"
2016,52,"Crystal Palace","Tottenham",64,"Save",0.141025641,"Sako","September"
2016,52,"Tottenham","Crystal Palace",52,"Save",0.19,"Lamela","September"
2016,52,"Crystal Palace","Tottenham",37,"Save",0.41,"Sako","September"
2016,64,"Newcastle","Chelsea",12,"Save",0.108072048,"Mbabu","September"
2016,64,"Newcastle","Chelsea",27,"Save",0.2913669065,"Perez","September"
2016,64,"Newcastle","Chelsea",27,"Save",0.2913669065,"Janmaat","September"
2016,64,"Newcastle","Chelsea",41,"Goal",0.3393782383,"Perez","September"
2016,64,"Newcastle","Chelsea",59,"Goal",0.4407216495,"Wijnaldum","September"
2016,64,"Chelsea","Newcastle",37,"Save",0.108072048,"Fabregas","September"
2016,64,"Chelsea","Newcastle",78,"Goal",0.108072048,"Ramires","September"
2016,64,"Chelsea","Newcastle",88,"Save",0.4902723735,"Ramires","September"
2016,64,"Chelsea","Newcastle",85,"Goal",0.19,"Willian","September"
2016,70,"Southampton","Swansea",10,"Goal",0.772845953,"van Dijk","September"
2016,70,"Southampton","Swansea",36,"Save",0.108072048,"Mane","September"
2016,70,"Southampton","Swansea",53,"Goal",0.1666666667,"Tadic","September"
2016,70,"Southampton","Swansea",60,"Goal",0.2446351931,"Mane","September"
2016,70,"Southampton","Swansea",68,"Save",0.2682926829,"Pelle","September"
2016,70,"Southampton","Swansea",74,"Save",0.313559322,"Romeu","September"
2016,70,"Swansea","Southampton",5,"Save",0.108072048,"Shelvey","September"
2016,70,"Swansea","Southampton",21,"Save",0.108072048,"Ki","September"
2016,70,"Swansea","Southampton",87,"Save",0.4910979228,"A Ayew","September"
2016,70,"Southampton","Swansea",66,"Save",0.19,"van Dijk","September"
2016,70,"Swansea","Southampton",82,"Goal",0.82,"Sigurdsson","September"
2016,69,"Man United","Sunderland",24,"Save",0.108072048,"Memphis","September"
2016,69,"Man United","Sunderland",48,"Goal",0.772845953,"Memphis","September"
2016,69,"Man United","Sunderland",45,"Goal",0.7645502646,"Rooney","September"
2016,69,"Man United","Sunderland",66,"Save",0.3435897436,"Depay","September"
2016,69,"Man United","Sunderland",77,"Save",0.313559322,"Mata","September"
2016,69,"Man United","Sunderland",89,"Goal",0.4407216495,"Mata","September"
2016,69,"Sunderland","Man United",10,"Save",0.275,"O'Shea","September"
2016,69,"Sunderland","Man United",23,"Save",0.068627451,"Lens","September"
2016,69,"Sunderland","Man United",52,"Save",0.5161290323,"Toivonen","September"
2016,69,"Sunderland","Man United",61,"Save",0.1977186312,"van Aanholt","September"
2016,69,"Man United","Sunderland",38,"Save",0.19,"Memphis","September"
2016,68,"West Ham","Norwich",4,"Save",0.4902723735,"Kouyate","September"
2016,68,"West Ham","Norwich",32,"Goal",0.4902723735,"Sakho","September"
2016,68,"West Ham","Norwich",39,"Save",0.3968253968,"W Reid","September"
2016,68,"West Ham","Norwich",55,"Save",0.4902723735,"Sakho","September"
2016,68,"West Ham","Norwich",59,"Save",0.2,"Payet","September"
2016,68,"West Ham","Norwich",89,"Save",0.7645502646,"Sakho","September"
2016,68,"West Ham","Norwich",92,"Goal",0.4407216495,"Kouyate","September"
2016,68,"Norwich","West Ham",1,"Save",0.3968253968,"Jerome","September"
2016,68,"Norwich","West Ham",8,"Goal",0.25,"R Brady","September"
2016,68,"Norwich","West Ham",46,"Save",0.108072048,"Howson","September"
2016,68,"Norwich","West Ham",49,"Save",0.108072048,"Howson","September"
2016,68,"Norwich","West Ham",61,"Save",0.3590909091,"Jerome","September"
2016,68,"Norwich","West Ham",82,"Goal",0.1679389313,"Redmond","September"
2016,68,"Norwich","West Ham",86,"Save",0.108072048,"M Olsson","September"
2016,63,"Stoke","Bournemouth",22,"Save",0.068627451,"Bojan","September"
2016,63,"Stoke","Bournemouth",24,"Save",0.108072048,"Whelan","September"
2016,63,"Stoke","Bournemouth",31,"Goal",0.772845953,"Walters","September"
2016,63,"Stoke","Bournemouth",77,"Save",0.3435897436,"Mame Diouf","September"
2016,63,"Stoke","Bournemouth",82,"Goal",0.4902723735,"Mame Diouf","September"
2016,63,"Bournemouth","Stoke",34,"Save",0.275,"G Murray","September"
2016,63,"Bournemouth","Stoke",59,"Save",0.108072048,"G Murray","September"
2016,63,"Bournemouth","Stoke",75,"Goal",0.3468950749,"Gosling","September"
2016,63,"Bournemouth","Stoke",80,"Save",0.2446351931,"Gosling","September"
2016,63,"Bournemouth","Stoke",86,"Save",0.1872340426,"G Murray","September"
2016,63,"Bournemouth","Stoke",30,"Save",0.19,"Ritchie","September"
2016,62,"Liverpool","Aston Villa",1,"Goal",0.313559322,"Milner","September"
2016,62,"Liverpool","Aston Villa",4,"Save",0.1872340426,"Can","September"
2016,62,"Liverpool","Aston Villa",7,"Save",0.2446351931,"Ings","September"
2016,62,"Liverpool","Aston Villa",12,"Save",0,"Moreno","September"
2016,62,"Liverpool","Aston Villa",51,"Save",0.1679389313,"Milner","September"
2016,62,"Liverpool","Aston Villa",58,"Goal",0.1679389313,"Sturridge","September"
2016,62,"Liverpool","Aston Villa",63,"Save",0.3435897436,"Sturridge","September"
2016,62,"Liverpool","Aston Villa",66,"Goal",0.3468950749,"Sturridge","September"
2016,62,"Liverpool","Aston Villa",76,"Save",0.272,"Coutinho","September"
2016,62,"Liverpool","Aston Villa",85,"Save",0.3393782383,"Sturridge","September"
2016,62,"Aston Villa","Liverpool",42,"Save",0.108072048,"Sinclair","September"
2016,62,"Aston Villa","Liverpool",65,"Goal",0.772845953,"Gestede","September"
2016,62,"Aston Villa","Liverpool",70,"Goal",0.4407216495,"Gestede","September"
2016,62,"Aston Villa","Liverpool",80,"Save",0.1824817518,"I Gueye","September"
2016,62,"Liverpool","Aston Villa",53,"Save",0.19,"Coutinho","September"
2016,62,"Liverpool","Aston Villa",73,"Save",0.19,"Coutinho","September"
2016,61,"Leicester","Arsenal",9,"Save",0.1299435028,"Schlupp","September"
2016,61,"Leicester","Arsenal",12,"Goal",0.1,"Vardy","September"
2016,61,"Leicester","Arsenal",56,"Save",0.1292517007,"Schlupp","September"
2016,61,"Leicester","Arsenal",83,"Save",0.1977186312,"Vardy","September"
2016,61,"Leicester","Arsenal",84,"Save",0.1,"Mahrez","September"
2016,61,"Leicester","Arsenal",88,"Save",0.4902723735,"Kramaric","September"
2016,61,"Leicester","Arsenal",88,"Goal",0.1679389313,"Vardy","September"
2016,61,"Arsenal","Leicester",15,"Save",0.3,"Walcott","September"
2016,61,"Arsenal","Leicester",16,"Save",0.1299435028,"Cazorla","September"
2016,61,"Arsenal","Leicester",17,"Goal",0.275,"Walcott","September"
2016,61,"Arsenal","Leicester",32,"Goal",0.772845953,"A Sanchez","September"
2016,61,"Arsenal","Leicester",56,"Goal",0.4910979228,"A Sanchez","September"
2016,61,"Arsenal","Leicester",59,"Save",0.2446351931,"Walcott","September"
2016,61,"Arsenal","Leicester",66,"Save",0.3393782383,"Walcott","September"
2016,61,"Arsenal","Leicester",70,"Save",0.2222222222,"Ramsey","September"
2016,61,"Arsenal","Leicester",80,"Goal",0.108072048,"A Sanchez","September"
2016,61,"Arsenal","Leicester",89,"Save",0.1679389313,"Ozil","September"
2016,61,"Arsenal","Leicester",92,"Goal",0.3468950749,"Giroud","September"
2016,67,"Tottenham","Man City",25,"Save",0.1977186312,"Son","September"
2016,67,"Tottenham","Man City",40,"Save",0.3468950749,"Kane","September"
2016,67,"Tottenham","Man City",44,"Save",0.4910979228,"Son","September"
2016,67,"Tottenham","Man City",44,"Goal",0.108072048,"Dier","September"
2016,67,"Tottenham","Man City",49,"Goal",0.4910979228,"Alderweireld","September"
2016,67,"Tottenham","Man City",60,"Goal",0.3435897436,"Kane","September"
2016,67,"Tottenham","Man City",74,"Save",0.1428571429,"Kane","September"
2016,67,"Tottenham","Man City",78,"Goal",0.3968253968,"Lamela","September"
2016,67,"Man City","Tottenham",17,"Save",0.108072048,"Aguero","September"
2016,67,"Man City","Tottenham",24,"Goal",0.1872340426,"De Bruyne","September"
2016,67,"Man City","Tottenham",26,"Save",0.313559322,"Sterling","September"
2016,67,"Man City","Tottenham",43,"Save",0.1977186312,"Kolarov","September"
2016,67,"Man City","Tottenham",46,"Save",0.2368421053,"Y Toure","September"
2016,67,"Man City","Tottenham",58,"Save",0.1292517007,"Sterling","September"
2016,67,"Man City","Tottenham",68,"Save",0.1428571429,"Navas","September"
2016,67,"Man City","Tottenham",87,"Save",0.19,"De Bruyne","September"
2016,65,"Watford","Crystal Palace",11,"Save",0.0630630631,"Deeney","September"
2016,65,"Watford","Crystal Palace",53,"Save",0.108072048,"Abdi","September"
2016,65,"Crystal Palace","Watford",12,"Save",0.7645502646,"Hangeland","September"
2016,65,"Crystal Palace","Watford",79,"Save",0.19,"Puncheon","September"
2016,65,"Crystal Palace","Watford",70,"Goal",0.82,"Cabaye","September"
2016,66,"West Brom","Everton",8,"Save",0.108072048,"Morrison","September"
2016,66,"West Brom","Everton",40,"Goal",0.3435897436,"Berahino","September"
2016,66,"West Brom","Everton",53,"Goal",0.772845953,"C Dawson","September"
2016,66,"West Brom","Everton",61,"Save",0.0630630631,"Berahino","September"
2016,66,"Everton","West Brom",54,"Goal",0.4902723735,"Lukaku","September"
2016,66,"Everton","West Brom",74,"Goal",0.3232323232,"Kone","September"
2016,66,"Everton","West Brom",83,"Goal",0.7645502646,"Lukaku","September"
2016,66,"Everton","West Brom",89,"Save",0.108072048,"Gibson","September"
2016,75,"Chelsea","Southampton",23,"Save",0.108072048,"Hazard","October"
2016,75,"Chelsea","Southampton",24,"Save",0.1977186312,"Oscar","October"
2016,75,"Southampton","Chelsea",40,"Save",0.1977186312,"Bertrand","October"
2016,75,"Southampton","Chelsea",43,"Goal",0.2368421053,"S Davis","October"
2016,75,"Southampton","Chelsea",48,"Save",0.3393782383,"Mane","October"
2016,75,"Southampton","Chelsea",59,"Goal",0.25,"Mane","October"
2016,75,"Southampton","Chelsea",71,"Goal",0.141025641,"Pelle","October"
2016,75,"Chelsea","Southampton",9,"Goal",0.19,"Willian","October"
2016,80,"Sunderland","West Ham",9,"Goal",0.3468950749,"S Fletcher","October"
2016,80,"Sunderland","West Ham",21,"Goal",0.2222222222,"Lens","October"
2016,80,"Sunderland","West Ham",26,"Save",0.2682926829,"O'Shea","October"
2016,80,"West Ham","Sunderland",45,"Goal",0.3590909091,"Jenkinson","October"
2016,80,"West Ham","Sunderland",59,"Save",0.108072048,"Lanzini","October"
2016,80,"West Ham","Sunderland",59,"Goal",0.3968253968,"Payet","October"
2016,80,"West Ham","Sunderland",79,"Save",0.108072048,"Cresswell","October"
2016,80,"West Ham","Sunderland",81,"Save",0.108072048,"Zarate","October"
2016,80,"West Ham","Sunderland",47,"Save",0.19,"Payet","October"
2016,78,"Bournemouth","Watford",27,"Goal",0.4902723735,"G Murray","October"
2016,78,"Bournemouth","Watford",50,"Save",0.3468950749,"G Murray","October"
2016,78,"Bournemouth","Watford",68,"Save",0.108072048,"G Murray","October"
2016,78,"Bournemouth","Watford",81,"Save",0.1796875,"S Cook","October"
2016,78,"Bournemouth","Watford",89,"Save",0.1679389313,"O'Kane","October"
2016,78,"Watford","Bournemouth",44,"Goal",0.4407216495,"Ighalo","October"
2016,78,"Watford","Bournemouth",67,"Save",0.1977186312,"Anya","October"
2016,78,"Bournemouth","Watford",84,"Save",0.82,"G Murray","October"
2016,76,"Aston Villa","Stoke",45,"Save",0.275,"Gestede","October"
2016,76,"Aston Villa","Stoke",66,"Save",0.11,"Gestede","October"
2016,76,"Stoke","Aston Villa",16,"Save",0.108072048,"Adam","October"
2016,76,"Stoke","Aston Villa",36,"Save",0.25,"Walters","October"
2016,76,"Stoke","Aston Villa",54,"Goal",0.4407216495,"Arnautovic","October"
2016,76,"Stoke","Aston Villa",85,"Save",0.108072048,"Joselu","October"
2016,76,"Stoke","Aston Villa",90,"Save",0.108072048,"Afellay","October"
2016,74,"Man City","Newcastle",7,"Save",0.772845953,"Fernando","October"
2016,74,"Man City","Newcastle",7,"Save",0.772845953,"Fernando","October"
2016,74,"Man City","Newcastle",41,"Goal",0.7645502646,"Aguero","October"
2016,74,"Man City","Newcastle",48,"Goal",0.3590909091,"Aguero","October"
2016,74,"Man City","Newcastle",49,"Goal",0.272,"Aguero","October"
2016,74,"Man City","Newcastle",52,"Goal",0.3232323232,"De Bruyne","October"
2016,74,"Man City","Newcastle",59,"Goal",0.1796875,"Aguero","October"
2016,74,"Man City","Newcastle",61,"Goal",0.7645502646,"Aguero","October"
2016,74,"Man City","Newcastle",75,"Save",0.2,"Iheanacho","October"
2016,74,"Man City","Newcastle",90,"Save",0,"Bony","October"
2016,74,"Newcastle","Man City",13,"Save",0.4902723735,"Mitrovic","October"
2016,74,"Newcastle","Man City",17,"Goal",0.4902723735,"Mitrovic","October"
2016,74,"Newcastle","Man City",26,"Save",0.3590909091,"Mitrovic","October"
2016,74,"Newcastle","Man City",38,"Save",0.108072048,"Wijnaldum","October"
2016,74,"Man City","Newcastle",7,"Save",0.19,"De Bruyne","October"
2016,71,"Norwich","Leicester",67,"Goal",0.7645502646,"Mbokani","October"
2016,71,"Norwich","Leicester",85,"Save",0.068627451,"Redmond","October"
2016,71,"Leicester","Norwich",19,"Save",0.3,"Vardy","October"
2016,71,"Leicester","Norwich",24,"Save",0.5684210526,"Drinkwater","October"
2016,71,"Leicester","Norwich",46,"Goal",0.1977186312,"Schlupp","October"
2016,71,"Leicester","Norwich",94,"Save",0.25,"Vardy","October"
2016,71,"Leicester","Norwich",27,"Goal",0.82,"Vardy","October"
2016,79,"Crystal Palace","West Brom",4,"Save",0.1292517007,"Bolasie","October"
2016,79,"Crystal Palace","West Brom",17,"Save",0.108072048,"Bolasie","October"
2016,79,"Crystal Palace","West Brom",30,"Save",0.108072048,"Cabaye","October"
2016,79,"Crystal Palace","West Brom",36,"Save",0.1896551724,"Zaha","October"
2016,79,"Crystal Palace","West Brom",40,"Save",0.1872340426,"Zaha","October"
2016,79,"Crystal Palace","West Brom",67,"Goal",0.7645502646,"Bolasie","October"
2016,79,"Crystal Palace","West Brom",78,"Save",0.108072048,"Bolasie","October"
2016,79,"West Brom","Crystal Palace",62,"Save",0.108072048,"McClean","October"
2016,79,"West Brom","Crystal Palace",92,"Save",0.1977186312,"McManaman","October"
2016,79,"Crystal Palace","West Brom",88,"Goal",0.82,"Cabaye","October"
2016,77,"Swansea","Tottenham",15,"Goal",0.4902723735,"A Ayew","October"
2016,77,"Swansea","Tottenham",91,"Save",0.4902723735,"F Fernandez","October"
2016,77,"Tottenham","Swansea",11,"Save",0.108072048,"Chadli","October"
2016,77,"Tottenham","Swansea",23,"Save",0.1,"Chadli","October"
2016,77,"Tottenham","Swansea",32,"Save",0.25,"Kane","October"
2016,77,"Tottenham","Swansea",40,"Save",0.108072048,"Eriksen","October"
2016,77,"Tottenham","Swansea",45,"Save",0.4407216495,"Kane","October"
2016,77,"Tottenham","Swansea",74,"Save",0.108072048,"Dele Alli","October"
2016,77,"Tottenham","Swansea",79,"Save",0.108072048,"Townsend","October"
2016,77,"Tottenham","Swansea",80,"Save",0.2,"Townsend","October"
2016,77,"Tottenham","Swansea",26,"Goal",0.19,"Eriksen","October"
2016,77,"Tottenham","Swansea",35,"Save",0.19,"Eriksen","October"
2016,77,"Tottenham","Swansea",64,"Goal",0.19,"Eriksen","October"
2016,73,"Arsenal","Man United",5,"Goal",0.7645502646,"A Sanchez","October"
2016,73,"Arsenal","Man United",6,"Goal",0.3590909091,"Ozil","October"
2016,73,"Arsenal","Man United",19,"Goal",0.313559322,"A Sanchez","October"
2016,73,"Arsenal","Man United",72,"Save",0.313559322,"Ozil","October"
2016,73,"Arsenal","Man United",85,"Save",0.3468950749,"Giroud","October"
2016,73,"Man United","Arsenal",36,"Save",0.1824817518,"Rooney","October"
2016,73,"Man United","Arsenal",44,"Save",0.4902723735,"Martial","October"
2016,73,"Man United","Arsenal",48,"Save",0.108072048,"A Young","October"
2016,73,"Man United","Arsenal",61,"Save",0.108072048,"Rooney","October"
2016,73,"Man United","Arsenal",67,"Save",0.4902723735,"Schweinsteiger","October"
2016,72,"Everton","Liverpool",27,"Save",0.4910979228,"Naismith","October"
2016,72,"Everton","Liverpool",29,"Save",0.2222222222,"McCarthy","October"
2016,72,"Everton","Liverpool",45,"Goal",0.4407216495,"Lukaku","October"
2016,72,"Everton","Liverpool",69,"Save",0.1872340426,"Lukaku","October"
2016,72,"Liverpool","Everton",25,"Save",0.2682926829,"Milner","October"
2016,72,"Liverpool","Everton",39,"Save",0.3232323232,"Skrtel","October"
2016,72,"Liverpool","Everton",40,"Goal",0.7645502646,"Ings","October"
2016,72,"Liverpool","Everton",71,"Save",0.3393782383,"Coutinho","October"
2016,81,"Watford","Arsenal",10,"Save",0.108072048,"Deeney","October"
2016,81,"Arsenal","Watford",3,"Save",0.4910979228,"Walcott","October"
2016,81,"Arsenal","Watford",9,"Save",0.108072048,"A Sanchez","October"
2016,81,"Arsenal","Watford",61,"Goal",0.3968253968,"A Sanchez","October"
2016,81,"Arsenal","Watford",67,"Goal",0.4910979228,"Giroud","October"
2016,81,"Arsenal","Watford",73,"Goal",0.3590909091,"Ramsey","October"
2016,81,"Arsenal","Watford",82,"Save",0.4407216495,"Giroud","October"
2016,90,"West Ham","Crystal Palace",7,"Save",0.0630630631,"Payet","October"
2016,90,"West Ham","Crystal Palace",21,"Goal",0.4407216495,"Jenkinson","October"
2016,90,"West Ham","Crystal Palace",87,"Goal",0.4902723735,"Lanzini","October"
2016,90,"West Ham","Crystal Palace",93,"Goal",0.3590909091,"Payet","October"
2016,90,"Crystal Palace","West Ham",24,"Goal",0.82,"Cabeye","October"
2016,89,"West Brom","Sunderland",53,"Goal",0.772845953,"Berahino","October"
2016,89,"Sunderland","West Brom",11,"Save",0.7645502646,"B Jones","October"
2016,89,"Sunderland","West Brom",77,"Save",0.108072048,"M'Vila","October"
2016,86,"Everton","Man United",44,"Save",0.1,"Barkley","October"
2016,86,"Everton","Man United",54,"Save",0.3435897436,"Lukaku","October"
2016,86,"Everton","Man United",67,"Save",0.108072048,"Barkley","October"
2016,86,"Man United","Everton",17,"Save",0.108072048,"Herrera","October"
2016,86,"Man United","Everton",17,"Goal",0.3468950749,"Schneiderlin","October"
2016,86,"Man United","Everton",21,"Goal",0.4910979228,"Herrera","October"
2016,86,"Man United","Everton",41,"Line",0.3435897436,"Martial","October"
2016,86,"Man United","Everton",61,"Goal",0.2913669065,"Rooney","October"
2016,86,"Man United","Everton",68,"Save",0.275,"Rooney","October"
2016,86,"Man United","Everton",78,"Save",0.3,"Martial","October"
2016,84,"Southampton","Leicester",20,"Goal",0.5684210526,"Fonte","October"
2016,84,"Southampton","Leicester",35,"Save",0.2222222222,"Mane","October"
2016,84,"Southampton","Leicester",36,"Goal",0.7645502646,"van Dijk","October"
2016,84,"Southampton","Leicester",47,"Save",0.1299435028,"Tadic","October"
2016,84,"Southampton","Leicester",78,"Save",0.108072048,"J Rodriguez","October"
2016,84,"Leicester","Southampton",22,"Save",0.275,"Okazaki","October"
2016,84,"Leicester","Southampton",41,"Save",0.108072048,"Drinkwater","October"
2016,84,"Leicester","Southampton",49,"Save",0.108072048,"Vardy","October"
2016,84,"Leicester","Southampton",65,"Goal",0.4910979228,"Vardy","October"
2016,84,"Leicester","Southampton",87,"Save",0.4910979228,"Vardy","October"
2016,84,"Leicester","Southampton",90,"Save",0.3393782383,"Huth","October"
2016,84,"Leicester","Southampton",90,"Goal",0.3435897436,"Vardy","October"
2016,83,"Man City","Bournemouth",6,"Goal",0.772845953,"Sterling","October"
2016,83,"Man City","Bournemouth",10,"Goal",0.772845953,"Bony","October"
2016,83,"Man City","Bournemouth",16,"Save",0.313559322,"Bony","October"
2016,83,"Man City","Bournemouth",17,"Save",0.108072048,"De Bruyne","October"
2016,83,"Man City","Bournemouth",28,"Goal",0.4910979228,"Sterling","October"
2016,83,"Man City","Bournemouth",44,"Save",0.108072048,"De Bruyne","October"
2016,83,"Man City","Bournemouth",47,"Save",0.4902723735,"Navas","October"
2016,83,"Man City","Bournemouth",47,"Goal",0.2682926829,"Sterling","October"
2016,83,"Man City","Bournemouth",48,"Save",0.1428571429,"Zabaleta","October"
2016,83,"Man City","Bournemouth",56,"Save",0.3590909091,"Bony","October"
2016,83,"Man City","Bournemouth",88,"Goal",0.4910979228,"Bony","October"
2016,83,"Bournemouth","Man City",21,"Goal",0.272,"G Murray","October"
2016,82,"Chelsea","Aston Villa",33,"Goal",0.4902723735,"D Costa","October"
2016,82,"Chelsea","Aston Villa",37,"Save",0.108072048,"Willian","October"
2016,82,"Chelsea","Aston Villa",59,"Save",0.3393782383,"D Costa","October"
2016,82,"Aston Villa","Chelsea",15,"Save",0.1824817518,"Grealish","October"
2016,85,"Tottenham","Liverpool",27,"Save",0.2913669065,"N'Jie","October"
2016,85,"Tottenham","Liverpool",36,"Save",0.275,"Kane","October"
2016,85,"Tottenham","Liverpool",55,"Save",0.108072048,"K Walker","October"
2016,85,"Tottenham","Liverpool",83,"Save",0.313559322,"Kane","October"
2016,85,"Liverpool","Tottenham",13,"Save",0.11,"Lallana","October"
2016,85,"Liverpool","Tottenham",42,"Save",0.108072048,"Coutinho","October"
2016,85,"Liverpool","Tottenham",77,"Save",0.1977186312,"Origi","October"
2016,87,"Newcastle","Norwich",13,"Goal",0.3232323232,"Wijnaldum","October"
2016,87,"Newcastle","Norwich",25,"Goal",0.4902723735,"Wijnaldum","October"
2016,87,"Newcastle","Norwich",32,"Goal",0.2,"Perez","October"
2016,87,"Newcastle","Norwich",63,"Goal",0.3393782383,"Mitrovic","October"
2016,87,"Newcastle","Norwich",65,"Goal",0.4902723735,"Wijnaldum","October"
2016,87,"Newcastle","Norwich",84,"Goal",0.108072048,"Wijnaldum","October"
2016,87,"Norwich","Newcastle",19,"Goal",0.772845953,"Mbokani","October"
2016,87,"Norwich","Newcastle",33,"Goal",0.3232323232,"Redmond","October"
2016,87,"Norwich","Newcastle",52,"Line",0.4902723735,"Bassong","October"
2016,87,"Norwich","Newcastle",71,"Save",0.3968253968,"Mbokani","October"
2016,87,"Norwich","Newcastle",72,"Save",0.108072048,"R Brady","October"
2016,87,"Norwich","Newcastle",75,"Save",0.108072048,"Howson","October"
2016,88,"Swansea","Stoke",18,"Save",0.108072048,"Shelvey","October"
2016,88,"Swansea","Stoke",49,"Save",0.108072048,"Gomis","October"
2016,88,"Stoke","Swansea",79,"Save",0.1292517007,"Afellay","October"
2016,88,"Stoke","Swansea",3,"Goal",0.82,"Bojan","October"
2016,93,"Arsenal","Everton",35,"Goal",0.4910979228,"Giroud","October"
2016,93,"Arsenal","Everton",37,"Goal",0.772845953,"Koscielny","October"
2016,93,"Arsenal","Everton",55,"Save",0.1872340426,"Giroud","October"
2016,93,"Arsenal","Everton",63,"Save",0.108072048,"Ozil","October"
2016,93,"Arsenal","Everton",85,"Save",0.3590909091,"Flamini","October"
2016,93,"Everton","Arsenal",43,"Goal",0.1292517007,"Barkley","October"
2016,93,"Everton","Arsenal",50,"Save",0.108072048,"Coleman","October"
2016,93,"Everton","Arsenal",67,"Save",0.2222222222,"Barkley","October"
2016,93,"Everton","Arsenal",85,"Save",0.3435897436,"Deulofeu","October"
2016,93,"Everton","Arsenal",87,"Save",0.141025641,"Mirallas","October"
2016,100,"Norwich","West Brom",15,"Save",0.1896551724,"Redmond","October"
2016,100,"Norwich","West Brom",43,"Save",0.3,"Mbokani","October"
2016,100,"Norwich","West Brom",85,"Save",0.108072048,"Tettey","October"
2016,100,"West Brom","Norwich",5,"Save",0.108072048,"Brunt","October"
2016,100,"West Brom","Norwich",39,"Save",0.108072048,"Brunt","October"
2016,100,"West Brom","Norwich",45,"Goal",0.7645502646,"Rondon","October"
2016,100,"West Brom","Norwich",63,"Save",0.108072048,"Brunt","October"
2016,99,"Stoke","Watford",39,"Save",0.1299435028,"Bojan","October"
2016,99,"Watford","Stoke",42,"Goal",0.2368421053,"Deeney","October"
2016,99,"Watford","Stoke",68,"Goal",0.1292517007,"Abdi","October"
2016,99,"Watford","Stoke",71,"Save",0.108072048,"Paredes","October"
2016,97,"Aston Villa","Swansea",61,"Goal",0.5684210526,"J Ayew","October"
2016,97,"Aston Villa","Swansea",81,"Save",0.108072048,"J Ayew","October"
2016,97,"Swansea","Aston Villa",61,"Save",0.3468950749,"A Ayew","October"
2016,97,"Swansea","Aston Villa",82,"Save",0.3435897436,"A Ayew","October"
2016,97,"Swansea","Aston Villa",86,"Goal",0.772845953,"A Ayew","October"
2016,97,"Aston Villa","Swansea",2,"Save",0.19,"Richardson","October"
2016,97,"Swansea","Aston Villa",67,"Goal",0.19,"Sigurdsson","October"
2016,92,"Leicester","Crystal Palace",9,"Save",0.108072048,"Mahrez","October"
2016,92,"Leicester","Crystal Palace",16,"Save",0.108072048,"Drinkwater","October"
2016,92,"Leicester","Crystal Palace",58,"Goal",0.7645502646,"Vardy","October"
2016,92,"Crystal Palace","Leicester",36,"Save",0.108072048,"Cabaye","October"
2016,92,"Crystal Palace","Leicester",69,"Save",0.108072048,"Sako","October"
2016,92,"Crystal Palace","Leicester",77,"Save",0.4910979228,"Bamford","October"
2016,92,"Crystal Palace","Leicester",82,"Save",0.2222222222,"Bamford","October"
2016,91,"West Ham","Chelsea",16,"Goal",0.2913669065,"Zarate","October"
2016,91,"West Ham","Chelsea",35,"Save",0.3468950749,"Collins","October"
2016,91,"West Ham","Chelsea",59,"Save",0.313559322,"Zarate","October"
2016,91,"West Ham","Chelsea",78,"Goal",0.4910979228,"Carroll","October"
2016,91,"Chelsea","West Ham",32,"Save",0.108072048,"Willian","October"
2016,91,"Chelsea","West Ham",34,"Line",0.4902723735,"Zouma","October"
2016,91,"Chelsea","West Ham",55,"Goal",0.4910979228,"G Cahill","October"
2016,91,"Chelsea","West Ham",77,"Save",0.313559322,"Ramires","October"
2016,91,"West Ham","Chelsea",16,"Save",0.19,"Payet","October"
2016,96,"Liverpool","Southampton",7,"Save",0.108072048,"Lallana","October"
2016,96,"Liverpool","Southampton",76,"Goal",0.3468950749,"Benteke","October"
2016,96,"Southampton","Liverpool",19,"Save",0.3468950749,"S Davis","October"
2016,96,"Southampton","Liverpool",38,"Save",0.4407216495,"van Dijk","October"
2016,96,"Southampton","Liverpool",85,"Goal",0.772845953,"Mane","October"
2016,98,"Bournemouth","Tottenham",0,"Goal",0.3232323232,"Ritchie","October"
2016,98,"Bournemouth","Tottenham",64,"Save",0.108072048,"Ritchie","October"
2016,98,"Tottenham","Bournemouth",8,"Goal",0.82,"Kane","October"
2016,98,"Tottenham","Bournemouth",16,"Goal",0.3968253968,"Dembele","October"
2016,98,"Tottenham","Bournemouth",23,"Save",0.3968253968,"Kane","October"
2016,98,"Tottenham","Bournemouth",29,"Goal",0.772845953,"Lamela","October"
2016,98,"Tottenham","Bournemouth",55,"Goal",0.4910979228,"Kane","October"
2016,98,"Tottenham","Bournemouth",62,"Save",0.141025641,"Kane","October"
2016,98,"Tottenham","Bournemouth",62,"Save",0.4407216495,"Alderweireld","October"
2016,98,"Tottenham","Bournemouth",62,"Goal",0.7645502646,"Kane","October"
2016,98,"Tottenham","Bournemouth",84,"Save",0.25,"N'Jie","October"
2016,94,"Man United","Man City",87,"Save",0.4407216495,"Smalling","October"
2016,94,"Man City","Man United",81,"Save",0.108072048,"Navas","October"
2016,95,"Sunderland","Newcastle",64,"Goal",0.7645502646,"B Jones","October"
2016,95,"Sunderland","Newcastle",85,"Goal",0.3232323232,"S Fletcher","October"
2016,95,"Newcastle","Sunderland",2,"Save",0.4902723735,"Coloccini","October"
2016,95,"Newcastle","Sunderland",15,"Save",0.1796875,"Wijnaldum","October"
2016,95,"Newcastle","Sunderland",24,"Save",0.108072048,"M Sissoko","October"
2016,95,"Newcastle","Sunderland",25,"Save",0.3232323232,"Colback","October"
2016,95,"Newcastle","Sunderland",54,"Save",0.275,"Mitrovic","October"
2016,95,"Newcastle","Sunderland",55,"Save",0.108072048,"Perez","October"
2016,95,"Newcastle","Sunderland",69,"Save",0.1872340426,"Wijnaldum","October"
2016,95,"Newcastle","Sunderland",43,"Save",0.41,"Wijnaldum","October"
2016,95,"Sunderland","Newcastle",47,"Goal",0.82,"A Johnson","October"
2016,110,"Watford","West Ham",9,"Save",0.4902723735,"Ake","October"
2016,110,"Watford","West Ham",33,"Save",0,"Ighalo","October"
2016,110,"Watford","West Ham",38,"Goal",0.772845953,"Ighalo","October"
2016,110,"Watford","West Ham",47,"Goal",0.3468950749,"Ighalo","October"
2016,110,"Watford","West Ham",48,"Save",0.1679389313,"Ighalo","October"
2016,110,"West Ham","Watford",3,"Save",0.108072048,"Payet","October"
2016,110,"West Ham","Watford",44,"Save",0.3435897436,"Kouyate","October"
2016,110,"West Ham","Watford",73,"Save",0.4902723735,"Collins","October"
2016,108,"Newcastle","Stoke",3,"Save",0.25,"Mitrovic","October"
2016,108,"Newcastle","Stoke",54,"Save",0.2913669065,"M Sissoko","October"
2016,108,"Newcastle","Stoke",58,"Save",0.108072048,"Perez","October"
2016,108,"Newcastle","Stoke",82,"Save",0.2913669065,"M Sissoko","October"
2016,108,"Newcastle","Stoke",86,"Save",0.4910979228,"Lascelles","October"
2016,108,"Stoke","Newcastle",51,"Save",0.4407216495,"Walters","October"
2016,108,"Stoke","Newcastle",61,"Save",0.4910979228,"Walters","October"
2016,108,"Newcastle","Stoke",49,"Save",0.19,"Wijnaldum","October"
2016,107,"Man City","Norwich",9,"Save",0.108072048,"Bony","October"
2016,107,"Man City","Norwich",18,"Save",0.4902723735,"Otamendi","October"
2016,107,"Man City","Norwich",66,"Goal",0.3590909091,"Otamendi","October"
2016,107,"Man City","Norwich",88,"Goal",0.82,"Y Toure","October"
2016,107,"Norwich","Man City",27,"Save",0.3435897436,"Jarvis","October"
2016,107,"Norwich","Man City",82,"Goal",0.7645502646,"Jerome","October"
2016,107,"Norwich","Man City",93,"Save",0.108072048,"M Olsson","October"
2016,107,"Man City","Norwich",32,"Save",0.19,"Y Toure","October"
2016,106,"Crystal Palace","Man United",1,"Save",0.275,"Gayle","October"
2016,106,"Crystal Palace","Man United",10,"Save",0.1872340426,"Bolasie","October"
2016,106,"Crystal Palace","Man United",10,"Save",0.4407216495,"Dann","October"
2016,106,"Crystal Palace","Man United",39,"Save",0.3393782383,"Gayle","October"
2016,106,"Crystal Palace","Man United",75,"Save",0.2913669065,"Gayle","October"
2016,106,"Man United","Crystal Palace",24,"Save",0.19,"Rooney","October"
2016,104,"West Brom","Leicester",29,"Goal",0.3,"Rondon","October"
2016,104,"West Brom","Leicester",77,"Save",0.108072048,"McClean","October"
2016,104,"West Brom","Leicester",78,"Save",0.4910979228,"Rondon","October"
2016,104,"West Brom","Leicester",83,"Goal",0.82,"Lambert","October"
2016,104,"Leicester","West Brom",7,"Save",0.1299435028,"Vardy","October"
2016,104,"Leicester","West Brom",39,"Save",0.3968253968,"Ulloa","October"
2016,104,"Leicester","West Brom",56,"Goal",0.4910979228,"Mahrez","October"
2016,104,"Leicester","West Brom",63,"Goal",0.5161290323,"Mahrez","October"
2016,104,"Leicester","West Brom",76,"Goal",0.3435897436,"Vardy","October"
2016,104,"West Brom","Leicester",66,"Save",0.19,"Sessegnon","October"
2016,104,"West Brom","Leicester",67,"Save",0.19,"Sessegnon","October"
2016,101,"Swansea","Arsenal",26,"Save",0.4407216495,"Gomis","October"
2016,101,"Swansea","Arsenal",49,"Save",0.108072048,"Sigurdsson","October"
2016,101,"Swansea","Arsenal",77,"Save",0.108072048,"Williams","October"
2016,101,"Arsenal","Swansea",36,"Save",0.108072048,"J Campbell","October"
2016,101,"Arsenal","Swansea",48,"Goal",0.4902723735,"Giroud","October"
2016,101,"Arsenal","Swansea",67,"Goal",0.4910979228,"Koscielny","October"
2016,101,"Arsenal","Swansea",72,"Goal",0.3232323232,"J Campbell","October"
2016,101,"Arsenal","Swansea",91,"Save",0.1872340426,"Ozil","October"
2016,105,"Chelsea","Liverpool",3,"Goal",0.4910979228,"Ramires","October"
2016,105,"Chelsea","Liverpool",70,"Save",0.108072048,"Oscar","October"
2016,105,"Liverpool","Chelsea",18,"Save",0.1679389313,"Lallana","October"
2016,105,"Liverpool","Chelsea",25,"Save",0.3435897436,"Lallana","October"
2016,105,"Liverpool","Chelsea",36,"Save",0.3393782383,"Leiva","October"
2016,105,"Liverpool","Chelsea",47,"Goal",0.2222222222,"Coutinho","October"
2016,105,"Liverpool","Chelsea",73,"Goal",0.3590909091,"Coutinho","October"
2016,105,"Liverpool","Chelsea",76,"Save",0.25,"Moreno","October"
2016,105,"Liverpool","Chelsea",82,"Goal",0.2913669065,"Benteke","October"
2016,103,"Southampton","Bournemouth",30,"Goal",0.7645502646,"S Davis","November"
2016,103,"Southampton","Bournemouth",35,"Goal",0.4910979228,"Pelle","November"
2016,103,"Bournemouth","Southampton",86,"Save",0.1977186312,"Tomlin","November"
2016,103,"Bournemouth","Southampton",87,"Save",0.1292517007,"J King","November"
2016,109,"Everton","Sunderland",6,"Save",0.108072048,"Lukaku","November"
2016,109,"Everton","Sunderland",18,"Goal",0.4407216495,"Deulofeu","November"
2016,109,"Everton","Sunderland",21,"Save",0.1872340426,"Coleman","November"
2016,109,"Everton","Sunderland",30,"Goal",0.3393782383,"Kone","November"
2016,109,"Everton","Sunderland",41,"Save",0.108072048,"Lukaku","November"
2016,109,"Everton","Sunderland",59,"Goal",0.3393782383,"Lukaku","November"
2016,109,"Everton","Sunderland",61,"Goal",0.1977186312,"Kone","November"
2016,109,"Everton","Sunderland",75,"Goal",0.4902723735,"Kone","November"
2016,109,"Sunderland","Everton",14,"Save",0.2,"Defoe","November"
2016,109,"Sunderland","Everton",14,"Save",0.1977186312,"S Fletcher","November"
2016,109,"Sunderland","Everton",47,"Save",0.2913669065,"S Fletcher","November"
2016,109,"Sunderland","Everton",48,"Goal",0.3435897436,"Defoe","November"
2016,109,"Sunderland","Everton",49,"Goal",0.7645502646,"S Fletcher","November"
2016,109,"Sunderland","Everton",52,"Save",0.313559322,"Defoe","November"
2016,109,"Sunderland","Everton",88,"Save",0.2,"Watmore","November"
2016,109,"Sunderland","Everton",89,"Save",0.1796875,"M'Vila","November"
2016,109,"Sunderland","Everton",89,"Save",0.1292517007,"Defoe","November"
2016,102,"Tottenham","Aston Villa",2,"Goal",0.1666666667,"Dembele","November"
2016,102,"Tottenham","Aston Villa",23,"Save",0.1679389313,"Kane","November"
2016,102,"Tottenham","Aston Villa",45,"Goal",0.3590909091,"Dele Alli","November"
2016,102,"Tottenham","Aston Villa",77,"Save",0.2,"Lamela","November"
2016,102,"Tottenham","Aston Villa",90,"Save",0.108072048,"Onomah","November"
2016,102,"Tottenham","Aston Villa",92,"Goal",0.3393782383,"Kane","November"
2016,102,"Aston Villa","Tottenham",10,"Save",0.1679389313,"Sinclair","November"
2016,102,"Aston Villa","Tottenham",78,"Goal",0.108072048,"J Ayew","November"
